/*
 Navicat Premium Data Transfer

 Source Server         : development
 Source Server Type    : MySQL
 Source Server Version : 50643
 Source Host           : localhost
 Source Database       : recruit_stu_development

 Target Server Type    : MySQL
 Target Server Version : 50643
 File Encoding         : utf-8

 Date: 11/26/2019 11:56:20 AM
*/

SET NAMES utf8mb4;
SET FOREIGN_KEY_CHECKS = 0;

-- ----------------------------
--  Table structure for `admission_records`
-- ----------------------------
DROP TABLE IF EXISTS `admission_records`;
CREATE TABLE `admission_records` (
  `id` int(11) NOT NULL AUTO_INCREMENT,
  `student_id` int(11) DEFAULT NULL COMMENT '学生ID',
  `interview_score_id` int(11) DEFAULT NULL COMMENT '学生面试',
  `written_score_id` int(11) DEFAULT NULL COMMENT '学生笔试',
  `status` int(11) DEFAULT NULL COMMENT '学生录取状态',
  `comment` text COMMENT '描述',
  `created_at` datetime NOT NULL,
  `updated_at` datetime NOT NULL,
  `interview_score` float DEFAULT NULL,
  `written_score` float DEFAULT NULL,
  PRIMARY KEY (`id`)
) ENGINE=InnoDB DEFAULT CHARSET=utf8;

-- ----------------------------
--  Table structure for `apply_sets`
-- ----------------------------
DROP TABLE IF EXISTS `apply_sets`;
CREATE TABLE `apply_sets` (
  `id` int(11) NOT NULL AUTO_INCREMENT,
  `student_class_id` int(11) DEFAULT NULL COMMENT '学生班级ID',
  `apply_at` datetime DEFAULT NULL COMMENT '预约时间',
  `place_where` varchar(255) DEFAULT NULL COMMENT '预约地点',
  `comment` text COMMENT '描述',
  `limit_menber` int(11) DEFAULT NULL COMMENT '学生人数限制',
  `status` int(11) DEFAULT NULL COMMENT '设置状态',
  `show_at` datetime DEFAULT NULL COMMENT '开放时间',
  `created_at` datetime NOT NULL,
  `updated_at` datetime NOT NULL,
  `end_apply_at` datetime DEFAULT NULL,
  PRIMARY KEY (`id`)
) ENGINE=InnoDB AUTO_INCREMENT=5 DEFAULT CHARSET=utf8;

-- ----------------------------
--  Records of `apply_sets`
-- ----------------------------
BEGIN;
INSERT INTO `apply_sets` VALUES ('1', null, '2016-10-29 00:00:00', '', '2016-11-26  8:30-17:30 国发院', '40', '1', '2016-10-29 00:00:00', '2016-10-28 17:42:56', '2016-11-19 13:48:19', '2016-11-25 00:00:00'), ('2', null, '2016-10-29 00:00:00', '国发院', '2016-11-24 8:30-17:30 国发院', '40', '1', '2016-11-19 00:00:00', '2016-10-29 09:36:28', '2016-11-19 13:48:07', '2016-11-23 00:00:00'), ('3', null, '2016-11-19 00:00:00', '', '2016-12-3 8:30-17:30 国发院', '40', '1', '2016-11-19 00:00:00', '2016-11-19 13:48:46', '2016-11-19 13:48:46', '2016-12-02 00:00:00'), ('4', null, '2016-11-19 00:00:00', '', '2016-12-4 8:30-17:30 国发院', '40', '1', '2016-11-19 00:00:00', '2016-11-19 13:49:14', '2016-11-19 13:49:14', '2016-12-03 00:00:00');
COMMIT;

-- ----------------------------
--  Table structure for `ar_internal_metadata`
-- ----------------------------
DROP TABLE IF EXISTS `ar_internal_metadata`;
CREATE TABLE `ar_internal_metadata` (
  `key` varchar(255) NOT NULL,
  `value` varchar(255) DEFAULT NULL,
  `created_at` datetime NOT NULL,
  `updated_at` datetime NOT NULL,
  PRIMARY KEY (`key`)
) ENGINE=InnoDB DEFAULT CHARSET=utf8;

-- ----------------------------
--  Records of `ar_internal_metadata`
-- ----------------------------
BEGIN;
INSERT INTO `ar_internal_metadata` VALUES ('environment', 'development', '2016-10-28 16:02:45', '2019-11-26 03:16:28');
COMMIT;

-- ----------------------------
--  Table structure for `attachments`
-- ----------------------------
DROP TABLE IF EXISTS `attachments`;
CREATE TABLE `attachments` (
  `id` int(11) NOT NULL AUTO_INCREMENT,
  `path` varchar(255) DEFAULT NULL COMMENT '附件文件名',
  `name` varchar(255) DEFAULT NULL COMMENT '附件原文件名',
  `file_size` varchar(255) DEFAULT NULL COMMENT '附件大小',
  `content_type` varchar(255) DEFAULT NULL COMMENT '附件后缀名',
  `attachment_type` varchar(255) DEFAULT NULL COMMENT '关联模块',
  `attachment_id` int(11) DEFAULT NULL COMMENT '关联模块ID',
  `upload_by` int(11) DEFAULT NULL COMMENT '上传人',
  `column_name` varchar(255) DEFAULT NULL COMMENT '拓展字断',
  `created_at` datetime NOT NULL,
  `updated_at` datetime NOT NULL,
  PRIMARY KEY (`id`)
) ENGINE=InnoDB DEFAULT CHARSET=utf8;

-- ----------------------------
--  Table structure for `interview_scores`
-- ----------------------------
DROP TABLE IF EXISTS `interview_scores`;
CREATE TABLE `interview_scores` (
  `id` int(11) NOT NULL AUTO_INCREMENT,
  `student_id` int(11) DEFAULT NULL COMMENT '学生ID',
  `student_class_id` int(11) DEFAULT NULL COMMENT '学生班级ID',
  `score` float DEFAULT NULL COMMENT '学生面试成绩',
  `score_order` int(11) DEFAULT NULL COMMENT '学生面试成绩排名',
  `interview_at` datetime DEFAULT NULL COMMENT '学生面试时间',
  `show_at` datetime DEFAULT NULL COMMENT '学生面试成绩公布时间',
  `status` int(11) DEFAULT NULL COMMENT '学生面试状态',
  `created_at` datetime NOT NULL,
  `updated_at` datetime NOT NULL,
  PRIMARY KEY (`id`)
) ENGINE=InnoDB AUTO_INCREMENT=22 DEFAULT CHARSET=utf8;

-- ----------------------------
--  Records of `interview_scores`
-- ----------------------------
BEGIN;
INSERT INTO `interview_scores` VALUES ('1', '1', null, '78.33', '1', null, null, '1', '2016-10-29 09:25:17', '2016-10-29 09:25:17'), ('2', '3', null, '78.33', null, null, null, '1', '2016-10-29 09:43:42', '2016-10-29 09:43:42'), ('3', '4', null, '78.34', null, null, null, '1', '2016-10-29 09:43:42', '2016-10-29 09:43:42'), ('4', '5', null, '78.35', null, null, null, '1', '2016-10-29 09:43:42', '2016-10-29 09:43:42'), ('5', '6', null, '78.32', null, null, null, '1', '2016-10-29 09:43:42', '2016-10-29 09:43:42'), ('6', '7', null, '78.36', null, null, null, '1', '2016-10-29 09:43:42', '2016-10-29 09:43:42'), ('7', '8', null, '78.36', null, null, null, '1', '2016-10-29 09:43:42', '2016-10-29 09:43:42'), ('8', '9', null, '78.37', null, null, null, '1', '2016-10-29 09:43:42', '2016-10-29 09:43:42'), ('9', '10', null, '78.38', null, null, null, '1', '2016-10-29 09:43:42', '2016-10-29 09:43:42'), ('10', '11', null, '78.39', null, null, null, '1', '2016-10-29 09:43:42', '2016-10-29 09:43:42'), ('11', '12', null, '78.39', null, null, null, '1', '2016-10-29 09:43:42', '2016-10-29 09:43:42'), ('12', '13', null, '78.4', null, null, null, '1', '2016-10-29 09:43:42', '2016-10-29 09:43:42'), ('13', '14', null, '78.4', null, null, null, '1', '2016-10-29 09:43:42', '2016-10-29 09:43:42'), ('14', '15', null, '78.41', null, null, null, '1', '2016-10-29 09:43:43', '2016-10-29 09:43:43'), ('15', '16', null, '78.42', null, null, null, '1', '2016-10-29 09:43:43', '2016-10-29 09:43:43'), ('16', '17', null, '78.43', null, null, null, '1', '2016-10-29 09:43:43', '2016-10-29 09:43:43'), ('17', '18', null, '78.43', null, null, null, '1', '2016-10-29 09:43:43', '2016-10-29 09:43:43'), ('18', '19', null, '78.44', null, null, null, '1', '2016-10-29 09:43:43', '2016-10-29 09:43:43'), ('19', '20', null, '78.44', null, null, null, '1', '2016-10-29 09:43:43', '2016-10-29 09:43:43'), ('20', '21', null, '78.45', null, null, null, '1', '2016-10-29 09:43:43', '2016-10-29 09:43:43'), ('21', '22', null, '78.46', null, null, null, '1', '2016-10-29 09:43:43', '2016-10-29 09:43:43');
COMMIT;

-- ----------------------------
--  Table structure for `permissions`
-- ----------------------------
DROP TABLE IF EXISTS `permissions`;
CREATE TABLE `permissions` (
  `id` int(11) NOT NULL AUTO_INCREMENT,
  `name` varchar(255) DEFAULT NULL,
  `action_tag` varchar(255) DEFAULT NULL,
  `function_tag` varchar(255) DEFAULT NULL,
  `created_at` datetime NOT NULL,
  `updated_at` datetime NOT NULL,
  PRIMARY KEY (`id`)
) ENGINE=InnoDB DEFAULT CHARSET=utf8;

-- ----------------------------
--  Table structure for `permissions_roles`
-- ----------------------------
DROP TABLE IF EXISTS `permissions_roles`;
CREATE TABLE `permissions_roles` (
  `id` int(11) NOT NULL AUTO_INCREMENT,
  `permission_id` int(11) DEFAULT NULL,
  `user_id` int(11) DEFAULT NULL,
  PRIMARY KEY (`id`),
  KEY `index_permissions_roles_on_permission_id` (`permission_id`),
  KEY `index_permissions_roles_on_user_id` (`user_id`)
) ENGINE=InnoDB DEFAULT CHARSET=utf8;

-- ----------------------------
--  Table structure for `roles`
-- ----------------------------
DROP TABLE IF EXISTS `roles`;
CREATE TABLE `roles` (
  `id` int(11) NOT NULL AUTO_INCREMENT,
  `parent_id` int(11) DEFAULT NULL,
  `name` varchar(255) DEFAULT NULL,
  `created_at` datetime NOT NULL,
  `updated_at` datetime NOT NULL,
  PRIMARY KEY (`id`)
) ENGINE=InnoDB DEFAULT CHARSET=utf8;

-- ----------------------------
--  Table structure for `roles_users`
-- ----------------------------
DROP TABLE IF EXISTS `roles_users`;
CREATE TABLE `roles_users` (
  `id` int(11) NOT NULL AUTO_INCREMENT,
  `role_id` int(11) DEFAULT NULL,
  `user_id` int(11) DEFAULT NULL,
  PRIMARY KEY (`id`),
  KEY `index_roles_users_on_role_id` (`role_id`),
  KEY `index_roles_users_on_user_id` (`user_id`)
) ENGINE=InnoDB DEFAULT CHARSET=utf8;

-- ----------------------------
--  Table structure for `schema_migrations`
-- ----------------------------
DROP TABLE IF EXISTS `schema_migrations`;
CREATE TABLE `schema_migrations` (
  `version` varchar(255) NOT NULL,
  PRIMARY KEY (`version`)
) ENGINE=InnoDB DEFAULT CHARSET=utf8;

-- ----------------------------
--  Records of `schema_migrations`
-- ----------------------------
BEGIN;
INSERT INTO `schema_migrations` VALUES ('20161024033503'), ('20161024033616'), ('20161024033848'), ('20161024034058'), ('20161024034251'), ('20161024034343'), ('20161024034558'), ('20161024034643'), ('20161024034748'), ('20161024035150'), ('20161024050854'), ('20161024051120'), ('20161024055745'), ('20161026150554'), ('20161028114335'), ('20161030092624');
COMMIT;

-- ----------------------------
--  Table structure for `student_classes`
-- ----------------------------
DROP TABLE IF EXISTS `student_classes`;
CREATE TABLE `student_classes` (
  `id` int(11) NOT NULL AUTO_INCREMENT,
  `name` varchar(255) DEFAULT NULL,
  `time` varchar(255) DEFAULT NULL COMMENT '年级：2016',
  `obj_type` varchar(255) DEFAULT NULL COMMENT '年级类型：EMBA',
  `short_name` varchar(255) DEFAULT NULL COMMENT '简称：E16',
  `status` int(11) DEFAULT NULL COMMENT '班级状态',
  `score_line` float DEFAULT NULL COMMENT '分数线',
  `comment` text COMMENT '描述',
  `created_at` datetime NOT NULL,
  `updated_at` datetime NOT NULL,
  PRIMARY KEY (`id`)
) ENGINE=InnoDB DEFAULT CHARSET=utf8;

-- ----------------------------
--  Table structure for `students`
-- ----------------------------
DROP TABLE IF EXISTS `students`;
CREATE TABLE `students` (
  `id` int(11) NOT NULL AUTO_INCREMENT,
  `name` varchar(255) DEFAULT NULL,
  `name_en` varchar(255) DEFAULT NULL,
  `id_card` varchar(255) DEFAULT NULL,
  `email` varchar(255) NOT NULL DEFAULT '',
  `mobile` varchar(255) DEFAULT NULL,
  `telephone` varchar(255) DEFAULT NULL,
  `student_no` varchar(255) DEFAULT NULL,
  `status` int(11) DEFAULT NULL COMMENT '学生状态',
  `apply_status` int(11) DEFAULT NULL COMMENT '学生预约状态',
  `created_at` datetime NOT NULL,
  `updated_at` datetime NOT NULL,
  PRIMARY KEY (`id`)
) ENGINE=InnoDB AUTO_INCREMENT=148 DEFAULT CHARSET=utf8;

-- ----------------------------
--  Records of `students`
-- ----------------------------
BEGIN;
INSERT INTO `students` VALUES ('1', 'student1', null, '12321312321312123', '1@.com', '3401111111', null, null, '1', null, '2016-10-28 16:12:23', '2019-11-26 03:52:31'), ('2', 'student2', '姓名拼音', '12321312321312123', '2@.com', '机号11111', null, '报名号', '1', null, '2016-10-29 09:39:23', '2019-11-26 03:52:31'), ('3', 'student3', 'fangyi', '12321312321312123', '3@.com', '3701011111', null, null, '1', null, '2016-10-29 09:39:23', '2019-11-26 03:52:31'), ('4', 'student4', 'gaowei', '12321312321312123', '4@.com', '3911511111', null, null, '1', null, '2016-10-29 09:39:23', '2019-11-26 03:52:31'), ('5', 'student5', 'gongkan', '12321312321312123', '5@.com', '3818111111', null, null, '1', null, '2016-10-29 09:39:23', '2019-11-26 03:52:31'), ('6', 'student6', 'wanglei', '12321312321312123', '6@.com', '3601511111', null, '110195041', '1', null, '2016-10-29 09:39:23', '2019-11-26 03:52:31'), ('7', 'student7', 'dengzhiyou', '12321312321312123', '7@.com', '3701311111', null, null, '1', null, '2016-10-29 09:39:24', '2019-11-26 03:52:31'), ('8', 'student8', 'louxiaoyin', '12321312321312123', '8@.com', '8610511111', null, null, '1', null, '2016-10-29 09:39:24', '2019-11-26 03:52:31'), ('9', 'student9', 'zhangjun', '12321312321312123', '9@.com', '3703811111', null, null, '1', null, '2016-10-29 09:39:24', '2019-11-26 03:52:31'), ('10', 'student10', 'zhouxia', '12321312321312123', '10@.com', '8652211111', null, '110194303', '1', null, '2016-10-29 09:39:24', '2019-11-26 03:52:31'), ('11', 'student11', 'jialing', '12321312321312123', '11@.com', '3911711111', null, null, '1', null, '2016-10-29 09:39:24', '2019-11-26 03:52:31'), ('12', 'student12', 'chenbaoguo', '12321312321312123', '12@.com', '3316011111', null, null, '1', null, '2016-10-29 09:39:24', '2019-11-26 03:52:31'), ('13', 'student13', 'zhouyan', '12321312321312123', '13@.com', '8640311111', null, null, '1', null, '2016-10-29 09:39:25', '2019-11-26 03:52:31'), ('14', 'student14', 'guobingze', '12321312321312123', '14@.com', '3906411111', null, null, '1', null, '2016-10-29 09:39:25', '2019-11-26 03:52:31'), ('15', 'student15', 'wanglin', '12321312321312123', '15@.com', '3911711111', null, null, '1', null, '2016-10-29 09:39:25', '2019-11-26 03:52:31'), ('16', 'student16', 'zhenghuan', '12321312321312123', '16@.com', '3911011111', null, null, '1', null, '2016-10-29 09:39:25', '2019-11-26 03:52:31'), ('17', 'student17', 'dongke', '12321312321312123', '17@.com', '8600811111', null, null, '1', null, '2016-10-29 09:39:25', '2019-11-26 03:52:31'), ('18', 'student18', 'zhangjianxin', '12321312321312123', '18@.com', '3501311111', null, '110194198', '1', null, '2016-10-29 09:39:25', '2019-11-26 03:52:31'), ('19', 'student19', 'zhaolinjie', '12321312321312123', '19@.com', '8066011111', null, null, '1', null, '2016-10-29 09:39:25', '2019-11-26 03:52:31'), ('20', 'student20', 'lvxiaobin', '12321312321312123', '20@.com', '3323511111', null, null, '1', null, '2016-10-29 09:39:26', '2019-11-26 03:52:31'), ('21', 'student21', 'wwangpei', '12321312321312123', '21@.com', '8101111111', null, null, '1', null, '2016-10-29 09:39:26', '2019-11-26 03:52:31'), ('22', 'student22', 'yangzhanyong', '12321312321312123', '22@.com', '8901111111', null, null, '1', null, '2016-10-29 09:39:26', '2019-11-26 03:52:31'), ('23', 'student23', 'baoyimin', '12321312321312123', '23@.com', '3805711111', null, null, '1', null, '2016-11-19 11:07:53', '2019-11-26 03:52:31'), ('24', 'student24', 'caodi', '12321312321312123', '24@.com', '8910111111', null, null, '1', null, '2016-11-19 11:07:53', '2019-11-26 03:52:31'), ('25', 'student25', 'chenchunguang', '12321312321312123', '25@.com', '3910011111', null, null, '1', null, '2016-11-19 11:07:53', '2019-11-26 03:52:31'), ('26', 'student26', 'chendaming', '12321312321312123', '26@.com', '8916611111', null, null, '1', null, '2016-11-19 11:07:53', '2019-11-26 03:52:31'), ('27', 'student27', 'chenhang', '12321312321312123', '27@.com', '3905011111', null, null, '1', null, '2016-11-19 11:07:54', '2019-11-26 03:52:31'), ('28', 'student28', 'chenhuadong', '12321312321312123', '28@.com', '3669711111', null, null, '1', null, '2016-11-19 11:07:54', '2019-11-26 03:52:31'), ('29', 'student29', 'chenquanbin', '12321312321312123', '29@.com', '3996311111', null, null, '1', null, '2016-11-19 11:07:54', '2019-11-26 03:52:31'), ('30', 'student30', 'chenggangtao', '12321312321312123', '30@.com', '3609011111', null, null, '1', null, '2016-11-19 13:46:34', '2019-11-26 03:52:31'), ('31', 'student31', 'cuihongxia', '12321312321312123', '31@.com', '8618111111', null, null, '1', null, '2016-11-19 13:46:35', '2019-11-26 03:52:31'), ('32', 'student32', 'dailili', '12321312321312123', '32@.com', '5901111111', null, null, '1', null, '2016-11-19 13:46:35', '2019-11-26 03:52:31'), ('33', 'student33', 'daihong', '12321312321312123', '33@.com', '3910011111', null, null, '1', null, '2016-11-19 13:46:35', '2019-11-26 03:52:31'), ('34', 'student34', 'denglu', '12321312321312123', '34@.com', '8612611111', null, null, '1', null, '2016-11-19 13:46:35', '2019-11-26 03:52:31'), ('35', 'student35', 'dinggang', '12321312321312123', '35@.com', '3911211111', null, null, '1', null, '2016-11-19 13:46:35', '2019-11-26 03:52:31'), ('36', 'student36', 'fanyajing', '12321312321312123', '36@.com', '3811011111', null, null, '1', null, '2016-11-19 13:46:35', '2019-11-26 03:52:31'), ('37', 'student37', 'fengchao', '12321312321312123', '37@.com', '3911611111', null, null, '1', null, '2016-11-19 13:46:35', '2019-11-26 03:52:31'), ('38', 'student38', 'gaoli', '12321312321312123', '38@.com', '3901011111', null, null, '1', null, '2016-11-19 13:46:36', '2019-11-26 03:52:31'), ('39', 'student39', 'gaorui', '12321312321312123', '39@.com', '8601211111', null, null, '1', null, '2016-11-19 13:46:36', '2019-11-26 03:52:31'), ('40', 'student40', 'guyulu', '12321312321312123', '40@.com', '3910111111', null, null, '1', null, '2016-11-19 13:46:36', '2019-11-26 03:52:31'), ('41', 'student41', 'guobing', '12321312321312123', '41@.com', '8620311111', null, null, '1', null, '2016-11-19 13:46:36', '2019-11-26 03:52:31'), ('42', 'student42', 'guosuyang', '12321312321312123', '42@.com', '3811611111', null, null, '1', null, '2016-11-19 13:46:36', '2019-11-26 03:52:31'), ('43', 'student43', 'hanzhen', '12321312321312123', '43@.com', '3691511111', null, null, '1', null, '2016-11-19 13:46:37', '2019-11-26 03:52:31'), ('44', 'student44', 'haojun', '12321312321312123', '44@.com', '3811611111', null, null, '1', null, '2016-11-19 13:46:37', '2019-11-26 03:52:31'), ('45', 'student45', 'hehongwen', '12321312321312123', '45@.com', '3811611111', null, null, '1', null, '2016-11-19 13:46:37', '2019-11-26 03:52:31'), ('46', 'student46', 'hetao', '12321312321312123', '46@.com', '8610111111', null, null, '1', null, '2016-11-19 13:46:37', '2019-11-26 03:52:31'), ('47', 'student47', 'heyan', '12321312321312123', '47@.com', '8600011111', null, null, '1', null, '2016-11-19 13:46:37', '2019-11-26 03:52:31'), ('48', 'student48', 'hujie', '12321312321312123', '48@.com', '8611311111', null, null, '1', null, '2016-11-19 13:46:37', '2019-11-26 03:52:31'), ('49', 'student49', 'huangbin', '12321312321312123', '49@.com', '8622611111', null, null, '1', null, '2016-11-19 13:46:37', '2019-11-26 03:52:31'), ('50', 'student50', 'huangchong', '12321312321312123', '50@.com', '3701311111', null, null, '1', null, '2016-11-19 13:46:38', '2019-11-26 03:52:31'), ('51', 'student51', 'huanghaiyan', '12321312321312123', '51@.com', '3606611111', null, null, '1', null, '2016-11-19 13:46:38', '2019-11-26 03:52:31'), ('52', 'student52', 'huanglicai', '12321312321312123', '52@.com', '8610311111', null, null, '1', null, '2016-11-19 13:46:38', '2019-11-26 03:52:31'), ('53', 'student53', 'huangqiwei', '12321312321312123', '53@.com', '5335111111', null, null, '1', null, '2016-11-19 13:46:38', '2019-11-26 03:52:31'), ('54', 'student54', 'jiashiguang', '12321312321312123', '54@.com', '8623311111', null, null, '1', null, '2016-11-19 13:46:38', '2019-11-26 03:52:31'), ('55', 'student55', 'jiangguanhua', '12321312321312123', '55@.com', '3812611111', null, null, '1', null, '2016-11-19 13:46:38', '2019-11-26 03:52:31'), ('56', 'student56', 'kangdi', '12321312321312123', '56@.com', '8610111111', null, null, '1', null, '2016-11-19 13:46:39', '2019-11-26 03:52:31'), ('57', 'student57', 'konglingbo', '12321312321312123', '57@.com', '8911811111', null, null, '1', null, '2016-11-19 13:46:39', '2019-11-26 03:52:31'), ('58', 'student58', 'langlina', '12321312321312123', '58@.com', '3810211111', null, null, '1', null, '2016-11-19 13:46:39', '2019-11-26 03:52:31'), ('59', 'student59', 'lengyuxuan', '12321312321312123', '59@.com', '8801211111', null, null, '1', null, '2016-11-19 13:46:39', '2019-11-26 03:52:31'), ('60', 'student60', 'lichen', '12321312321312123', '60@.com', '3884411111', null, null, '1', null, '2016-11-19 13:46:39', '2019-11-26 03:52:31'), ('61', 'student61', 'lichong', '12321312321312123', '61@.com', '3716811111', null, null, '1', null, '2016-11-19 13:46:39', '2019-11-26 03:52:31'), ('62', 'student62', 'lihaoran', '12321312321312123', '62@.com', '3901111111', null, null, '1', null, '2016-11-19 13:46:40', '2019-11-26 03:52:31'), ('63', 'student63', 'lihongxing', '12321312321312123', '63@.com', '3866111111', null, null, '1', null, '2016-11-19 13:46:40', '2019-11-26 03:52:31'), ('64', 'student64', 'lijiwei', '12321312321312123', '64@.com', '8611711111', null, null, '1', null, '2016-11-19 13:46:40', '2019-11-26 03:52:31'), ('65', 'student65', 'liwenting', '12321312321312123', '65@.com', '3381111111', null, null, '1', null, '2016-11-19 13:46:40', '2019-11-26 03:52:31'), ('66', 'student66', 'liwenxian', '12321312321312123', '66@.com', '3910611111', null, null, '1', null, '2016-11-19 13:46:40', '2019-11-26 03:52:31'), ('67', 'student67', 'lixin', '12321312321312123', '67@.com', '3858011111', null, null, '1', null, '2016-11-19 13:46:41', '2019-11-26 03:52:31'), ('68', 'student68', 'lixinxiang', '12321312321312123', '68@.com', '3512111111', null, null, '1', null, '2016-11-19 13:46:41', '2019-11-26 03:52:31'), ('69', 'student69', 'liyanguo', '12321312321312123', '69@.com', '3501011111', null, null, '1', null, '2016-11-19 13:46:41', '2019-11-26 03:52:31'), ('70', 'student70', 'liyan', '12321312321312123', '70@.com', '3801011111', null, null, '1', null, '2016-11-19 13:46:41', '2019-11-26 03:52:31'), ('71', 'student71', 'lizhongwei', '12321312321312123', '71@.com', '3901611111', null, null, '1', null, '2016-11-19 13:46:41', '2019-11-26 03:52:31'), ('72', 'student72', 'linliping', '12321312321312123', '72@.com', '3701211111', null, null, '1', null, '2016-11-19 13:46:41', '2019-11-26 03:52:31'), ('73', 'student73', 'linwen', '12321312321312123', '73@.com', '3692211111', null, null, '1', null, '2016-11-19 13:46:41', '2019-11-26 03:52:31'), ('74', 'student74', 'liuchang', '12321312321312123', '74@.com', '3911511111', null, null, '1', null, '2016-11-19 13:46:42', '2019-11-26 03:52:31'), ('75', 'student75', 'liuhaijun', '12321312321312123', '75@.com', '3910011111', null, null, '1', null, '2016-11-19 13:46:42', '2019-11-26 03:52:31'), ('76', 'student76', 'liusiqiang', '12321312321312123', '76@.com', '3361511111', null, null, '1', null, '2016-11-19 13:46:42', '2019-11-26 03:52:31'), ('77', 'student77', 'liuweina', '12321312321312123', '77@.com', '3810211111', null, null, '1', null, '2016-11-19 13:46:42', '2019-11-26 03:52:31'), ('78', 'student78', 'liuyang', '12321312321312123', '78@.com', '3910011111', null, null, '1', null, '2016-11-19 13:46:42', '2019-11-26 03:52:31'), ('79', 'student79', 'liuyang', '12321312321312123', '79@.com', '8801111111', null, null, '1', null, '2016-11-19 13:46:42', '2019-11-26 03:52:31'), ('80', 'student80', 'liuzhibin', '12321312321312123', '80@.com', '8688711111', null, null, '1', null, '2016-11-19 13:46:43', '2019-11-26 03:52:30'), ('81', 'student81', 'liuzihang', '12321312321312123', '81@.com', '3801311111', null, null, '1', null, '2016-11-19 13:46:43', '2019-11-26 03:52:30'), ('82', 'student82', 'ludaxin', '12321312321312123', '82@.com', '3801911111', null, null, '1', null, '2016-11-19 13:46:43', '2019-11-26 03:52:30'), ('83', 'student83', 'luyuanzhu', '12321312321312123', '83@.com', '3911111111', null, null, '1', null, '2016-11-19 13:46:43', '2019-11-26 03:52:30'), ('84', 'student84', 'lvgang', '12321312321312123', '84@.com', '8601611111', null, null, '1', null, '2016-11-19 13:46:43', '2019-11-26 03:52:30'), ('85', 'student85', 'mabizhong', '12321312321312123', '85@.com', '8611711111', null, null, '1', null, '2016-11-19 13:46:43', '2019-11-26 03:52:30'), ('86', 'student86', 'mali', '12321312321312123', '86@.com', '3326611111', null, null, '1', null, '2016-11-19 13:46:44', '2019-11-26 03:52:30'), ('87', 'student87', 'mengxue', '12321312321312123', '87@.com', '5811211111', null, null, '1', null, '2016-11-19 13:46:44', '2019-11-26 03:52:30'), ('88', 'student88', 'mulei', '12321312321312123', '88@.com', '3601111111', null, null, '1', null, '2016-11-19 13:46:44', '2019-11-26 03:52:30'), ('89', 'student89', 'ningyangchun', '12321312321312123', '89@.com', '3681011111', null, null, '1', null, '2016-11-19 13:46:44', '2019-11-26 03:52:30'), ('90', 'student90', 'panyiqiong', '12321312321312123', '90@.com', '3910511111', null, null, '1', null, '2016-11-19 13:46:45', '2019-11-26 03:52:30'), ('91', 'student91', 'qizhengnan', '12321312321312123', '91@.com', '8022811111', null, null, '1', null, '2016-11-19 13:46:45', '2019-11-26 03:52:30'), ('92', 'student92', 'qiansiwei', '12321312321312123', '92@.com', '3689211111', null, null, '1', null, '2016-11-19 13:46:45', '2019-11-26 03:52:30'), ('93', 'student93', 'qiaohua', '12321312321312123', '93@.com', '3661011111', null, null, '1', null, '2016-11-19 13:46:45', '2019-11-26 03:52:30'), ('94', 'student94', 'qinkai', '12321312321312123', '94@.com', '5835111111', null, null, '1', null, '2016-11-19 13:46:45', '2019-11-26 03:52:30'), ('95', 'student95', 'qupengtao', '12321312321312123', '95@.com', '3901211111', null, null, '1', null, '2016-11-19 13:46:45', '2019-11-26 03:52:30'), ('96', 'student96', 'raohaiqing', '12321312321312123', '96@.com', '3825511111', null, null, '1', null, '2016-11-19 13:46:45', '2019-11-26 03:52:30'), ('97', 'student97', 'sheqiao', '12321312321312123', '97@.com', '8611311111', null, null, '1', null, '2016-11-19 13:46:46', '2019-11-26 03:52:30'), ('98', 'student98', 'shengxiaobo', '12321312321312123', '98@.com', '3701711111', null, null, '1', null, '2016-11-19 13:46:46', '2019-11-26 03:52:30'), ('99', 'student99', 'shengxueling', '12321312321312123', '99@.com', '3720011111', null, null, '1', null, '2016-11-19 13:46:46', '2019-11-26 03:52:30'), ('100', 'student100', 'shilibin', '12321312321312123', '100@.com', '3809011111', null, null, '1', null, '2016-11-19 13:46:46', '2019-11-26 03:52:30'), ('101', 'student101', 'shuqing', '12321312321312123', '101@.com', '8612711111', null, null, '1', null, '2016-11-19 13:46:46', '2019-11-26 03:52:30'), ('102', 'student102', 'sunyanguo', '12321312321312123', '102@.com', '3241411111', null, null, '1', null, '2016-11-19 13:46:46', '2019-11-26 03:52:30'), ('103', 'student103', 'sunzhenghua', '12321312321312123', '103@.com', '8606311111', null, null, '1', null, '2016-11-19 13:46:47', '2019-11-26 03:52:30'), ('104', 'student104', 'tengjunyong', '12321312321312123', '104@.com', '3520411111', null, null, '1', null, '2016-11-19 13:46:47', '2019-11-26 03:52:30'), ('105', 'student105', 'tianweiguo', '12321312321312123', '105@.com', '3928211111', null, null, '1', null, '2016-11-19 13:46:47', '2019-11-26 03:52:30'), ('106', 'student106', 'wangli', '12321312321312123', '106@.com', '8613811111', null, null, '1', null, '2016-11-19 13:46:47', '2019-11-26 03:52:30'), ('107', 'student107', 'wanglanying', '12321312321312123', '107@.com', '3910911111', null, null, '1', null, '2016-11-19 13:46:47', '2019-11-26 03:52:30'), ('108', 'student108', 'wanghuazhou', '12321312321312123', '108@.com', '3269511111', null, null, '1', null, '2016-11-19 13:46:47', '2019-11-26 03:52:30'), ('109', 'student109', 'wangkeyue', '12321312321312123', '109@.com', '3811711111', null, null, '1', null, '2016-11-19 13:46:47', '2019-11-26 03:52:30'), ('110', 'student110', 'wangluying', '12321312321312123', '110@.com', '3901311111', null, null, '1', null, '2016-11-19 13:46:48', '2019-11-26 03:52:30'), ('111', 'student111', 'wangmingli', '12321312321312123', '111@.com', '3910211111', null, null, '1', null, '2016-11-19 13:46:48', '2019-11-26 03:52:30'), ('112', 'student112', 'wangping', '12321312321312123', '112@.com', '3810011111', null, null, '1', null, '2016-11-19 13:46:48', '2019-11-26 03:52:30'), ('113', 'student113', 'wangshaohua', '12321312321312123', '113@.com', '3901111111', null, null, '1', null, '2016-11-19 13:46:48', '2019-11-26 03:52:30'), ('114', 'student114', 'wangwenqiang', '12321312321312123', '114@.com', '3601111111', null, null, '1', null, '2016-11-19 13:46:48', '2019-11-26 03:52:30'), ('115', 'student115', 'wangxibiao', '12321312321312123', '115@.com', '3953111111', null, null, '1', null, '2016-11-19 13:46:49', '2019-11-26 03:52:30'), ('116', 'student116', 'wangyanchun', '12321312321312123', '116@.com', '8910111111', null, null, '1', null, '2016-11-19 13:46:49', '2019-11-26 03:52:30'), ('117', 'student117', 'wangrong', '12321312321312123', '117@.com', '8866611111', null, null, '1', null, '2016-11-19 13:46:49', '2019-11-26 03:52:30'), ('118', 'student118', 'wangyuxin', '12321312321312123', '118@.com', '3911811111', null, null, '1', null, '2016-11-19 13:46:49', '2019-11-26 03:52:30'), ('119', 'student119', 'wangyuemei', '12321312321312123', '119@.com', '8601111111', null, null, '1', null, '2016-11-19 13:46:49', '2019-11-26 03:52:30'), ('120', 'student120', 'weisiyu', '12321312321312123', '120@.com', '3488711111', null, null, '1', null, '2016-11-19 13:46:49', '2019-11-26 03:52:30'), ('121', 'student121', 'wupengling', '12321312321312123', '121@.com', '3810511111', null, null, '1', null, '2016-11-19 13:46:50', '2019-11-26 03:52:30'), ('122', 'student122', 'wuxiaowu', '12321312321312123', '122@.com', '5903111111', null, null, '1', null, '2016-11-19 13:46:50', '2019-11-26 03:52:30'), ('123', 'student123', 'xieguiquan', '12321312321312123', '123@.com', '3908311111', null, null, '1', null, '2016-11-19 13:46:50', '2019-11-26 03:52:30'), ('124', 'student124', 'yanshuo', '12321312321312123', '124@.com', '3811411111', null, null, '1', null, '2016-11-19 13:46:50', '2019-11-26 03:52:30'), ('125', 'student125', 'yangjunzhi', '12321312321312123', '125@.com', '8801011111', null, null, '1', null, '2016-11-19 13:46:50', '2019-11-26 03:52:30'), ('126', 'student126', 'yangzhao', '12321312321312123', '126@.com', '3611011111', null, null, '1', null, '2016-11-19 13:46:50', '2019-11-26 03:52:30'), ('127', 'student127', 'yaozhiyu', '12321312321312123', '127@.com', '3501211111', null, null, '1', null, '2016-11-19 13:46:51', '2019-11-26 03:52:30'), ('128', 'student128', 'yiming', '12321312321312123', '128@.com', '5611011111', null, null, '1', null, '2016-11-19 13:46:51', '2019-11-26 03:52:30'), ('129', 'student129', 'yufudong', '12321312321312123', '129@.com', '8645511111', null, null, '1', null, '2016-11-19 13:46:51', '2019-11-26 03:52:30'), ('130', 'student130', 'yubin', '12321312321312123', '130@.com', '8684611111', null, null, '1', null, '2016-11-19 13:46:51', '2019-11-26 03:52:30'), ('131', 'student131', 'zhangchunmei', '12321312321312123', '131@.com', '3521311111', null, null, '1', null, '2016-11-19 13:46:51', '2019-11-26 03:52:30'), ('132', 'student132', 'zhanghucheng', '12321312321312123', '132@.com', '3717811111', null, null, '1', null, '2016-11-19 13:46:51', '2019-11-26 03:52:30'), ('133', 'student133', 'zhanghaixia', '12321312321312123', '133@.com', '5801511111', null, null, '1', null, '2016-11-19 13:46:51', '2019-11-26 03:52:30'), ('134', 'student134', 'zhangliaoyuan', '12321312321312123', '134@.com', '3241811111', null, null, '1', null, '2016-11-19 13:46:52', '2019-11-26 03:52:30'), ('135', 'student135', 'zhangqi', '12321312321312123', '135@.com', '8602511111', null, null, '1', null, '2016-11-19 13:46:52', '2019-11-26 03:52:30'), ('136', 'student136', 'zhangxiao', '12321312321312123', '136@.com', '3701111111', null, null, '1', null, '2016-11-19 13:46:52', '2019-11-26 03:52:30'), ('137', 'student137', 'zhangyingwang', '12321312321312123', '137@.com', '8650311111', null, null, '1', null, '2016-11-19 13:46:52', '2019-11-26 03:52:30'), ('138', 'student138', 'zhangyong', '12321312321312123', '138@.com', '3718211111', null, null, '1', null, '2016-11-19 13:46:52', '2019-11-26 03:52:30'), ('139', 'student139', 'zhaohainan', '12321312321312123', '139@.com', '3601311111', null, null, '1', null, '2016-11-19 13:46:52', '2019-11-26 03:52:30'), ('140', 'student140', 'zhaolin', '12321312321312123', '140@.com', '3911511111', null, null, '1', null, '2016-11-19 13:46:53', '2019-11-26 03:52:30'), ('141', 'student141', 'zhaosuya', '12321312321312123', '141@.com', '3811411111', null, null, '1', null, '2016-11-19 13:46:53', '2019-11-26 03:52:30'), ('142', 'student142', 'zhouxia', '12321312321312123', '142@.com', '8652211111', null, null, '1', null, '2016-11-19 13:46:53', '2019-11-26 03:52:30'), ('143', 'student143', 'zhouyou', '12321312321312123', '143@.com', '3911011111', null, null, '1', null, '2016-11-19 13:46:53', '2019-11-26 03:52:30'), ('144', 'student144', 'zhouzhou', '12321312321312123', '144@.com', '3911711111', null, null, '1', null, '2016-11-19 13:46:53', '2019-11-26 03:52:30'), ('145', 'student145', 'zhuwenyong', '12321312321312123', '145@.com', '3811711111', null, null, '1', null, '2016-11-19 13:46:54', '2019-11-26 03:52:30'), ('146', 'student146', 'zongyujie', '12321312321312123', '146@.com', '3910511111', null, null, '1', null, '2016-11-19 13:46:54', '2019-11-26 03:52:30'), ('147', 'student147', 'zouyourui', '12321312321312123', '147@.com', '3152511111', null, null, '1', null, '2016-11-19 13:46:54', '2019-11-26 03:52:30');
COMMIT;

-- ----------------------------
--  Table structure for `users`
-- ----------------------------
DROP TABLE IF EXISTS `users`;
CREATE TABLE `users` (
  `id` int(11) NOT NULL AUTO_INCREMENT,
  `name` varchar(255) DEFAULT NULL,
  `name_en` varchar(255) DEFAULT NULL,
  `id_card` varchar(255) DEFAULT NULL,
  `email` varchar(255) NOT NULL DEFAULT '',
  `mobile` varchar(255) DEFAULT NULL,
  `telephone` varchar(255) DEFAULT NULL,
  `encrypted_password` varchar(255) NOT NULL DEFAULT '',
  `reset_password_token` varchar(255) DEFAULT NULL,
  `reset_password_sent_at` datetime DEFAULT NULL,
  `remember_created_at` datetime DEFAULT NULL,
  `sign_in_count` int(11) NOT NULL DEFAULT '0',
  `current_sign_in_at` datetime DEFAULT NULL,
  `last_sign_in_at` datetime DEFAULT NULL,
  `current_sign_in_ip` varchar(255) DEFAULT NULL,
  `last_sign_in_ip` varchar(255) DEFAULT NULL,
  `is_valid` tinyint(1) DEFAULT '1',
  `status` int(11) DEFAULT NULL COMMENT '用户状态',
  `created_at` datetime NOT NULL,
  `updated_at` datetime NOT NULL,
  `role_id` int(11) DEFAULT NULL,
  PRIMARY KEY (`id`),
  UNIQUE KEY `index_users_on_email` (`email`),
  UNIQUE KEY `index_users_on_reset_password_token` (`reset_password_token`)
) ENGINE=InnoDB AUTO_INCREMENT=149 DEFAULT CHARSET=utf8;

-- ----------------------------
--  Records of `users`
-- ----------------------------
BEGIN;
INSERT INTO `users` VALUES ('1', 'student1', null, '12321312321312123', '1@.com', '3401111111', null, '$2a$10$EAcU9a5a5HIx3GNLfmuF/.4JvTDv5JPqZk/ol1afZTSXQ2ko3vGJW', null, null, null, '22', '2019-11-26 03:54:22', '2019-11-26 03:36:34', '::1', '::1', '1', '1', '2016-10-28 16:06:56', '2019-11-26 03:54:22', '1'), ('2', 'student2', null, '12321312321312123', '2@.com', '3401111111', '', '$2a$10$JbxbqzNE6XKLFUe.WSSP3u5/9Hbj6mb5YKzsAI.A18yEHXCqp..mW', null, null, '2016-11-19 13:44:38', '22', '2019-11-26 03:54:49', '2016-11-19 13:45:56', '::1', '118.212.237.29', '1', '1', '2016-10-28 16:07:38', '2019-11-26 03:54:49', '2'), ('3', 'student3', 'fangyi', '12321312321312123', '3@.com', '3701011111', null, '$2a$10$grzRSAhuSbFwDb/hndPHIObXx0hEmhxzjEb/8KF25g96pKmJRwlHq', null, null, null, '0', null, null, null, null, '1', '1', '2016-10-29 09:39:23', '2019-11-26 03:53:26', '1'), ('4', 'student4', 'gaowei', '12321312321312123', '4@.com', '3911511111', null, '$2a$10$vMDebq.Irat0LG5Yk0LuG.O.rY4tYih97LHAsvGWts4Vbrw7klduO', null, null, null, '0', null, null, null, null, '1', '1', '2016-10-29 09:39:23', '2019-11-26 03:53:26', '1'), ('5', 'student5', 'gongkan', '12321312321312123', '5@.com', '3818111111', null, '$2a$10$X2Ykh7AwMG5E9bjWUoZ5fe9rVWYJP3hQ9RjxzrVSMNCSzBC836PPe', null, null, null, '1', '2016-11-01 01:13:34', '2016-11-01 01:13:34', '162.105.169.95', '162.105.169.95', '1', '1', '2016-10-29 09:39:23', '2019-11-26 03:53:26', '1'), ('6', 'student6', 'wanglei', '12321312321312123', '6@.com', '3601511111', null, '$2a$10$9BIWPRfPQDkzm11Q0pQXvOf8P4DRW.BRdz8DgpUzjF.yonljRkPGu', null, null, null, '0', null, null, null, null, '1', '1', '2016-10-29 09:39:24', '2019-11-26 03:53:26', '1'), ('7', 'student7', 'dengzhiyou', '12321312321312123', '7@.com', '3701311111', null, '$2a$10$kI7BlcHjUfDlWFMYBg70MejJtcxE6qv2zeIIgpGKtxkLg79kpDtVq', null, null, null, '0', null, null, null, null, '1', '1', '2016-10-29 09:39:24', '2019-11-26 03:53:26', '1'), ('8', 'student8', 'louxiaoyin', '12321312321312123', '8@.com', '8610511111', null, '$2a$10$4/.zzIpVCiy3aB5erGLI8.L186BiACqZko5JrIvWxz.TbnasObiGu', null, null, null, '1', '2016-11-16 06:52:28', '2016-11-16 06:52:28', '162.105.169.47', '162.105.169.47', '1', '1', '2016-10-29 09:39:24', '2019-11-26 03:53:26', '1'), ('9', 'student9', 'zhangjun', '12321312321312123', '9@.com', '3703811111', null, '$2a$10$K8Fz0TtByefqCz/aaZRvE.2DKBIFEFM7lABf.8RTAHc2taMvW/FA.', null, null, null, '0', null, null, null, null, '1', '1', '2016-10-29 09:39:24', '2019-11-26 03:53:26', '1'), ('10', 'student10', 'zhouxia', '12321312321312123', '10@.com', '8652211111', null, '$2a$10$qT.sdU6fRtU7SseeYm/1puKGRFF0cs3ZooFc.J0ECiEZG5Fx6a.jC', null, null, null, '1', '2016-10-30 13:04:25', '2016-10-30 13:04:25', '114.245.184.200', '114.245.184.200', '1', '1', '2016-10-29 09:39:24', '2019-11-26 03:53:26', '1'), ('11', 'student11', 'jialing', '12321312321312123', '11@.com', '3911711111', null, '$2a$10$WK0DtOnN9dyCAk4t7ttkMOrYIIcH9E9cre8oiAbNDCVA1W9Ngy9QG', null, null, null, '0', null, null, null, null, '1', '1', '2016-10-29 09:39:24', '2019-11-26 03:53:26', '1'), ('12', 'student12', 'chenbaoguo', '12321312321312123', '12@.com', '3316011111', null, '$2a$10$LI7pZsnS6YcRes0uHz1QfeSkAJXDsCGE.nn.DLYu9Wbnr3CJqZD2i', null, null, null, '0', null, null, null, null, '1', '1', '2016-10-29 09:39:25', '2019-11-26 03:53:26', '1'), ('13', 'student13', 'zhouyan', '12321312321312123', '13@.com', '8640311111', null, '$2a$10$OuT2bHIgNo3rM0aR2.JiPOh6rywKuQ7e2PM54nURQQT0cWNYiXV.a', null, null, null, '0', null, null, null, null, '1', '1', '2016-10-29 09:39:25', '2019-11-26 03:53:26', '1'), ('14', 'student14', 'guobingze', '12321312321312123', '14@.com', '3906411111', null, '$2a$10$yFtpShpNpHEsp/0.kk367eceRGLYDzhOE4UG.fO9lbVuDOKNI5IqS', null, null, null, '0', null, null, null, null, '1', '1', '2016-10-29 09:39:25', '2019-11-26 03:53:26', '1'), ('15', 'student15', 'wanglin', '12321312321312123', '15@.com', '3911711111', null, '$2a$10$OIrIVeIn9Hufj1ILtkOymOSQ3HspczFA8XyAzik0yxg9c7FsASPRK', null, null, null, '0', null, null, null, null, '1', '1', '2016-10-29 09:39:25', '2019-11-26 03:53:26', '1'), ('16', 'student16', 'zhenghuan', '12321312321312123', '16@.com', '3911011111', null, '$2a$10$NBlPJuHWJf/eOqXZWLIiJef3Zoq1dP.j8xVm1h2QggECnSNGQF5im', null, null, null, '0', null, null, null, null, '1', '1', '2016-10-29 09:39:25', '2019-11-26 03:53:26', '1'), ('17', 'student17', 'dongke', '12321312321312123', '17@.com', '8600811111', null, '$2a$10$mdmFd9YmRG7n6On5t0hAn.H43CKV5cNgF9eYv/lSLwUarHBOosB.m', null, null, null, '0', null, null, null, null, '1', '1', '2016-10-29 09:39:25', '2019-11-26 03:53:26', '1'), ('18', 'student18', 'zhangjianxin', '12321312321312123', '18@.com', '3501311111', null, '$2a$10$vvqFAi8WKOPWKCpa.7K5Auh78pnILNNbKstSfUvkConiz6ffQSSB.', null, null, null, '0', null, null, null, null, '1', '1', '2016-10-29 09:39:25', '2019-11-26 03:53:26', '1'), ('19', 'student19', 'zhaolinjie', '12321312321312123', '19@.com', '8066011111', null, '$2a$10$uIZuJ0IpjYUC1oAWAaeReOh2/anCl37tmGM0GGduDejrSre1Mfqve', null, null, null, '1', '2016-10-30 12:45:04', '2016-10-30 12:45:04', '162.105.169.42', '162.105.169.42', '1', '1', '2016-10-29 09:39:26', '2019-11-26 03:53:26', '1'), ('20', 'student20', 'lvxiaobin', '12321312321312123', '20@.com', '3323511111', null, '$2a$10$dx1qzUTTwLjDpzb96ujVY.mbb1zs6eHN/QLFSe2Y8PyFy/qRF8KKG', null, null, null, '1', '2016-10-29 09:47:26', '2016-10-29 09:47:26', '114.245.184.200', '114.245.184.200', '1', '1', '2016-10-29 09:39:26', '2019-11-26 03:53:25', '1'), ('21', 'student21', 'wwangpei', '12321312321312123', '21@.com', '8101111111', null, '$2a$10$G2ULJib8AXuR4ipPRp2LTOwKUAP0jRTDIjD6Z79eijzU95FeDBb8y', null, null, null, '1', '2016-10-29 09:46:42', '2016-10-29 09:46:42', '114.245.184.200', '114.245.184.200', '1', '1', '2016-10-29 09:39:26', '2019-11-26 03:53:25', '1'), ('22', 'student22', 'yangzhanyong', '12321312321312123', '22@.com', '8901111111', null, '$2a$10$KDYWefiTKKeGSgff8.JoF.0XMVjTD9KNxqvkJzvR5EP.UKQgt9E7W', null, null, null, '3', '2016-10-30 13:12:40', '2016-10-29 09:45:56', '114.245.184.200', '114.245.184.200', '1', '1', '2016-10-29 09:39:26', '2019-11-26 03:53:25', '1'), ('23', 'student23', null, '12321312321312123', '23@.com', '3388811111', '', '$2a$10$Y73GRqKoiwV2fW/3VCxbsuVaKPSErMLtoYEsegmooRIep0GKUItO6', null, null, null, '10', '2016-11-19 11:20:44', '2016-11-19 11:12:48', '114.245.198.97', '114.245.198.97', '1', '1', '2016-10-30 12:38:44', '2019-11-26 03:53:25', '2'), ('24', 'student24', 'baoyimin', '12321312321312123', '24@.com', '3805711111', null, '$2a$10$Amv.oBA9Cd58qmZDSVLCGOrAnPaGIZkfHn6bFF3fPUyrU0L/OWGGi', null, null, null, '0', null, null, null, null, '1', '1', '2016-11-19 11:07:53', '2019-11-26 03:53:25', '1'), ('25', 'student25', 'caodi', '12321312321312123', '25@.com', '8910111111', null, '$2a$10$IypTRjz3q3txcBw94luejuJGRMZ1JGxNAE91JoRz6FT4.WzLJIJOe', null, null, null, '0', null, null, null, null, '1', '1', '2016-11-19 11:07:53', '2019-11-26 03:53:25', '1'), ('26', 'student26', 'chenchunguang', '12321312321312123', '26@.com', '3910011111', null, '$2a$10$CFllysxqimLKTlS5Hi4q1.3y06NxeCZXN8Ked5EOvwtoEDeJMCEn6', null, null, null, '0', null, null, null, null, '1', '1', '2016-11-19 11:07:53', '2019-11-26 03:53:25', '1'), ('27', 'student27', 'chendaming', '12321312321312123', '27@.com', '8916611111', null, '$2a$10$NZpPVh020MSGIdJwe0hEt.wouPnWX9PiRXREz7FbNrVh2lch.5g6e', null, null, null, '0', null, null, null, null, '1', '1', '2016-11-19 11:07:54', '2019-11-26 03:53:25', '1'), ('28', 'student28', 'chenhang', '12321312321312123', '28@.com', '3905011111', null, '$2a$10$07vB7KdlcIN1dwAb6cRlYOZ7KrX6FDWnPZCqt6OWQcMIUxlcL8spm', null, null, null, '0', null, null, null, null, '1', '1', '2016-11-19 11:07:54', '2019-11-26 03:53:25', '1'), ('29', 'student29', 'chenhuadong', '12321312321312123', '29@.com', '3669711111', null, '$2a$10$Q.igD3i/oz9InsT166eyrexpk8T9lPLj/m6HMmyXeS35yykYU/xNm', null, null, null, '0', null, null, null, null, '1', '1', '2016-11-19 11:07:54', '2019-11-26 03:53:25', '1'), ('30', 'student30', 'chenquanbin', '12321312321312123', '30@.com', '3996311111', null, '$2a$10$M7TZS60oqDLNDpF1/AICBOMLsaT9uUJDWO4BOBRVPhwywZ4othz8.', null, null, null, '0', null, null, null, null, '1', '1', '2016-11-19 11:07:54', '2019-11-26 03:53:25', '1'), ('31', 'student31', 'chenggangtao', '12321312321312123', '31@.com', '3609011111', null, '$2a$10$.2LCvSbBlnkrLwNhXooz4.HQRfUBABKq8IPOanGeH616VnI4mSnRK', null, null, null, '0', null, null, null, null, '1', '1', '2016-11-19 13:46:34', '2019-11-26 03:53:25', '1'), ('32', 'student32', 'cuihongxia', '12321312321312123', '32@.com', '8618111111', null, '$2a$10$yn23ZBztbWYpqPUS9mOHbOBNhzeIiWi4NcCffz1WUNqZDR9.iRZne', null, null, null, '0', null, null, null, null, '1', '1', '2016-11-19 13:46:35', '2019-11-26 03:53:25', '1'), ('33', 'student33', 'dailili', '12321312321312123', '33@.com', '5901111111', null, '$2a$10$QrT1TJoGSnPEPAJTsFceGu1rwf3eIaAjpMH.PFEg/.u5IVYfU58Oy', null, null, null, '0', null, null, null, null, '1', '1', '2016-11-19 13:46:35', '2019-11-26 03:53:25', '1'), ('34', 'student34', 'daihong', '12321312321312123', '34@.com', '3910011111', null, '$2a$10$aOu/rwy9ahOqpVZ.0kE7/e0mlGKkrf/dPQoQXVTkR3It1DF2nKrt.', null, null, null, '0', null, null, null, null, '1', '1', '2016-11-19 13:46:35', '2019-11-26 03:53:25', '1'), ('35', 'student35', 'denglu', '12321312321312123', '35@.com', '8612611111', null, '$2a$10$chakNKmjyeKRFuXVDRlLa.XlIl.uTcjfopL4LIcgc25q9lYrGfiwS', null, null, null, '0', null, null, null, null, '1', '1', '2016-11-19 13:46:35', '2019-11-26 03:53:25', '1'), ('36', 'student36', 'dinggang', '12321312321312123', '36@.com', '3911211111', null, '$2a$10$5Zk5Zr8/2LkfpCjxMd.cjucu8K27jDEycxl6oD56RaexZHI45sAWy', null, null, null, '0', null, null, null, null, '1', '1', '2016-11-19 13:46:35', '2019-11-26 03:53:25', '1'), ('37', 'student37', 'fanyajing', '12321312321312123', '37@.com', '3811011111', null, '$2a$10$s6pKrnM5oqWAKp2YCjGigux7T0z2BMj/q0JfcWT1Ov0NgDZdaTdc2', null, null, null, '0', null, null, null, null, '1', '1', '2016-11-19 13:46:35', '2019-11-26 03:53:25', '1'), ('38', 'student38', 'fengchao', '12321312321312123', '38@.com', '3911611111', null, '$2a$10$eulEMran88GJ6GkDvHJlhOwQe4w1k.46dmppYMdaZAUxfoarN54lC', null, null, null, '0', null, null, null, null, '1', '1', '2016-11-19 13:46:36', '2019-11-26 03:53:25', '1'), ('39', 'student39', 'gaoli', '12321312321312123', '39@.com', '3901011111', null, '$2a$10$MyFjuENT2Y6pOlm6Pv7BjuaMtHZofWP.xxlH2XL1cUWl7fJ5NSR5.', null, null, null, '0', null, null, null, null, '1', '1', '2016-11-19 13:46:36', '2019-11-26 03:53:25', '1'), ('40', 'student40', 'gaorui', '12321312321312123', '40@.com', '8601211111', null, '$2a$10$kJckhQ11gAd2nsU8ASGYEeWY43ffbFww7Grui71DmlW/dXw/RVdk6', null, null, null, '0', null, null, null, null, '1', '1', '2016-11-19 13:46:36', '2019-11-26 03:53:25', '1'), ('41', 'student41', 'guyulu', '12321312321312123', '41@.com', '3910111111', null, '$2a$10$3gcWiWUA0HNsW.h5XKX4IOKSINlGG2086PHegnw0lsnhTHD.BW6By', null, null, null, '0', null, null, null, null, '1', '1', '2016-11-19 13:46:36', '2019-11-26 03:53:25', '1'), ('42', 'student42', 'guobing', '12321312321312123', '42@.com', '8620311111', null, '$2a$10$f1ao.Zha1M6DboIsXTiKGu5J7hFe9hiNe3wgO8X2y6cX4yC0qww1O', null, null, null, '0', null, null, null, null, '1', '1', '2016-11-19 13:46:36', '2019-11-26 03:53:25', '1'), ('43', 'student43', 'guosuyang', '12321312321312123', '43@.com', '3811611111', null, '$2a$10$3tvdQ7AVTO3BCwE9kTxFJehBhQHtC6.N1KWA5N2T0Zb/o62XUTrR6', null, null, null, '0', null, null, null, null, '1', '1', '2016-11-19 13:46:37', '2019-11-26 03:53:25', '1'), ('44', 'student44', 'hanzhen', '12321312321312123', '44@.com', '3691511111', null, '$2a$10$3A8BU//nL1b8Eho.iIcOk.unI7YqDV0qxbp1SCto8J7Hhp2lHGLuy', null, null, null, '0', null, null, null, null, '1', '1', '2016-11-19 13:46:37', '2019-11-26 03:53:25', '1'), ('45', 'student45', 'haojun', '12321312321312123', '45@.com', '3811611111', null, '$2a$10$YJ7cFe78Q2JGtF.JVLjU/.g.GmsjWxJMGZU9TO4fhvncTK8ftzjw6', null, null, null, '0', null, null, null, null, '1', '1', '2016-11-19 13:46:37', '2019-11-26 03:53:25', '1'), ('46', 'student46', 'hehongwen', '12321312321312123', '46@.com', '3811611111', null, '$2a$10$g7qK1ucqNEbJH24b4EAnNOwP2TxF4GeQFuLrQ2RoP.Jf3qv34zxs6', null, null, null, '0', null, null, null, null, '1', '1', '2016-11-19 13:46:37', '2019-11-26 03:53:25', '1'), ('47', 'student47', 'hetao', '12321312321312123', '47@.com', '8610111111', null, '$2a$10$POtxkZi.Tmkli/B3VfEO8ugyde8NIktZglCZWlQcMJ0pP6eXrS.ou', null, null, null, '0', null, null, null, null, '1', '1', '2016-11-19 13:46:37', '2019-11-26 03:53:25', '1'), ('48', 'student48', 'heyan', '12321312321312123', '48@.com', '8600011111', null, '$2a$10$IHd6qf6ITLeUmyT9MLQmaOKcHXLrPah3pTDeMK95jeQDiMP9xCqCG', null, null, null, '0', null, null, null, null, '1', '1', '2016-11-19 13:46:37', '2019-11-26 03:53:25', '1'), ('49', 'student49', 'hujie', '12321312321312123', '49@.com', '8611311111', null, '$2a$10$jEevIwt4z0fIG/cODSt2hOfVYFOYTfnu9pz9jzoqwJpcS3X254.em', null, null, null, '0', null, null, null, null, '1', '1', '2016-11-19 13:46:37', '2019-11-26 03:53:25', '1'), ('50', 'student50', 'huangbin', '12321312321312123', '50@.com', '8622611111', null, '$2a$10$HiDulS0CbaSUVItuK2KvEeYeclEsa48pps3xPuM9zOPOgcO56PQfq', null, null, null, '0', null, null, null, null, '1', '1', '2016-11-19 13:46:38', '2019-11-26 03:53:25', '1'), ('51', 'student51', 'huangchong', '12321312321312123', '51@.com', '3701311111', null, '$2a$10$iDrtkk4J6QLdqWQ3MA5h2OqERTdzR5P5WIOenX1MGQXyskRdsuBcS', null, null, null, '0', null, null, null, null, '1', '1', '2016-11-19 13:46:38', '2019-11-26 03:53:25', '1'), ('52', 'student52', 'huanghaiyan', '12321312321312123', '52@.com', '3606611111', null, '$2a$10$p2WVuA6iqRh3oSps.WDuJu47XtNntYr0B1Eo/3cZ3dF4/BiQgyMJy', null, null, null, '0', null, null, null, null, '1', '1', '2016-11-19 13:46:38', '2019-11-26 03:53:25', '1'), ('53', 'student53', 'huanglicai', '12321312321312123', '53@.com', '8610311111', null, '$2a$10$.NdWP5vGYjLVWgFNLMhhUuOj7uF4x1J8MYxAX3jEJ.9iNmI4vq2AC', null, null, null, '0', null, null, null, null, '1', '1', '2016-11-19 13:46:38', '2019-11-26 03:53:25', '1'), ('54', 'student54', 'huangqiwei', '12321312321312123', '54@.com', '5335111111', null, '$2a$10$6hCV68ilACR9FhhWC/xf9OyVlQPPzt1cg7Zpl0sZ5DLh8NdY16uw6', null, null, null, '0', null, null, null, null, '1', '1', '2016-11-19 13:46:38', '2019-11-26 03:53:25', '1'), ('55', 'student55', 'jiashiguang', '12321312321312123', '55@.com', '8623311111', null, '$2a$10$aEGhff5tjFyO/lWHRlluP.yiAB7bWHyC5y1s9PM12vmno4XsoJr3q', null, null, null, '0', null, null, null, null, '1', '1', '2016-11-19 13:46:38', '2019-11-26 03:53:25', '1'), ('56', 'student56', 'jiangguanhua', '12321312321312123', '56@.com', '3812611111', null, '$2a$10$Uw29CeQiXiREFnasknXe5.35h5Fw5p5GxWU8WvUfgsDMKz.Fuo2hi', null, null, null, '0', null, null, null, null, '1', '1', '2016-11-19 13:46:39', '2019-11-26 03:53:25', '1'), ('57', 'student57', 'kangdi', '12321312321312123', '57@.com', '8610111111', null, '$2a$10$rsIt3adgPD.fLubeRiyrcueugHTyP7kja8LLCKPwMPMrLA85hFvnK', null, null, null, '0', null, null, null, null, '1', '1', '2016-11-19 13:46:39', '2019-11-26 03:53:25', '1'), ('58', 'student58', 'konglingbo', '12321312321312123', '58@.com', '8911811111', null, '$2a$10$lSyRjIDLxA4FbvGyWiT9Reo0auyH3hp2e32xsysfaQ9h0O0pbS9tO', null, null, null, '0', null, null, null, null, '1', '1', '2016-11-19 13:46:39', '2019-11-26 03:53:25', '1'), ('59', 'student59', 'langlina', '12321312321312123', '59@.com', '3810211111', null, '$2a$10$rclmnuAHHUQbonSzIuiIzuCV5v9toOvUO7jcKYFgBaONkw3vG281i', null, null, null, '0', null, null, null, null, '1', '1', '2016-11-19 13:46:39', '2019-11-26 03:53:25', '1'), ('60', 'student60', 'lengyuxuan', '12321312321312123', '60@.com', '8801211111', null, '$2a$10$6JNonDK854RjhBPm5ng.aOkqxaqgK6hsxWH9PuLYZjKIMt1chtoT2', null, null, null, '0', null, null, null, null, '1', '1', '2016-11-19 13:46:39', '2019-11-26 03:53:25', '1'), ('61', 'student61', 'lichen', '12321312321312123', '61@.com', '3884411111', null, '$2a$10$v2FEN8B33DtBGiwFJe2/COEdqZQANgHruUNn2VPUwKsbskVN6XtbG', null, null, null, '0', null, null, null, null, '1', '1', '2016-11-19 13:46:39', '2019-11-26 03:53:25', '1'), ('62', 'student62', 'lichong', '12321312321312123', '62@.com', '3716811111', null, '$2a$10$BQsw.q.Hqh3F29cfxqE6fOEHnjpdJY4ULECOwfn166ns6mWewu9P.', null, null, null, '0', null, null, null, null, '1', '1', '2016-11-19 13:46:40', '2019-11-26 03:53:25', '1'), ('63', 'student63', 'lihaoran', '12321312321312123', '63@.com', '3901111111', null, '$2a$10$r6l.8T3ElZhluoIU3FMmv.4L9Vf1zKtlrqUICRh4/vJW5dB8Zn8QK', null, null, null, '0', null, null, null, null, '1', '1', '2016-11-19 13:46:40', '2019-11-26 03:53:25', '1'), ('64', 'student64', 'lihongxing', '12321312321312123', '64@.com', '3866111111', null, '$2a$10$73lydA57qGeQwse3l4hvae4ffVqWYZlMVXutSDO34pFZkDJcySj4.', null, null, null, '0', null, null, null, null, '1', '1', '2016-11-19 13:46:40', '2019-11-26 03:53:25', '1'), ('65', 'student65', 'lijiwei', '12321312321312123', '65@.com', '8611711111', null, '$2a$10$BLRpfCuHPVCmnzx0DcIM5eLsfR2/q566W5X3jINuyNuSOmBTCGhaC', null, null, null, '0', null, null, null, null, '1', '1', '2016-11-19 13:46:40', '2019-11-26 03:53:25', '1'), ('66', 'student66', 'liwenting', '12321312321312123', '66@.com', '3381111111', null, '$2a$10$PB55VDrhkZwoKXNmKzvya.CJ2S.RzH0iG6188v48YYdVUZf4Igos2', null, null, null, '0', null, null, null, null, '1', '1', '2016-11-19 13:46:40', '2019-11-26 03:53:25', '1'), ('67', 'student67', 'liwenxian', '12321312321312123', '67@.com', '3910611111', null, '$2a$10$s0sEpE./t68uage2YuSeIuHXK62bhr3OZd8NMHWA1ilEFf7.27eqm', null, null, null, '0', null, null, null, null, '1', '1', '2016-11-19 13:46:40', '2019-11-26 03:53:25', '1'), ('68', 'student68', 'lixin', '12321312321312123', '68@.com', '3858011111', null, '$2a$10$KuXuKNLA73Zr3BZOzZtqLOtCBlGluK4ZnOw8Jjgt2PxNro.wJz1dG', null, null, null, '0', null, null, null, null, '1', '1', '2016-11-19 13:46:41', '2019-11-26 03:53:25', '1'), ('69', 'student69', 'lixinxiang', '12321312321312123', '69@.com', '3512111111', null, '$2a$10$I07t4ZYCkv0VbVzcbsvvl.CkmahTS/wMeUNpXcxyrBqHkvPzMasv6', null, null, null, '0', null, null, null, null, '1', '1', '2016-11-19 13:46:41', '2019-11-26 03:53:25', '1'), ('70', 'student70', 'liyanguo', '12321312321312123', '70@.com', '3501011111', null, '$2a$10$4KNfLae4f1599iaJ8KyBJe3lUPsKOdkumt97JjVAoXvTniUsMoh/q', null, null, null, '0', null, null, null, null, '1', '1', '2016-11-19 13:46:41', '2019-11-26 03:53:25', '1'), ('71', 'student71', 'liyan', '12321312321312123', '71@.com', '3801011111', null, '$2a$10$LqOt2p6kDm629hPZvAi81OOAZzksN3pjd5idd9/Jo5.lkcjBt.lTS', null, null, null, '0', null, null, null, null, '1', '1', '2016-11-19 13:46:41', '2019-11-26 03:53:25', '1'), ('72', 'student72', 'lizhongwei', '12321312321312123', '72@.com', '3901611111', null, '$2a$10$2ak9TJe0AhpZCvxfvISTQeZTgCed9OM2XZHIWSavefZIGUKZ4Yx1S', null, null, null, '0', null, null, null, null, '1', '1', '2016-11-19 13:46:41', '2019-11-26 03:53:25', '1'), ('73', 'student73', 'linliping', '12321312321312123', '73@.com', '3701211111', null, '$2a$10$jQKhjNp91etU41SnbcGoOuAAdejk9DixS5KCEk2ZXw4Nm0zOKGvKq', null, null, null, '0', null, null, null, null, '1', '1', '2016-11-19 13:46:41', '2019-11-26 03:53:25', '1'), ('74', 'student74', 'linwen', '12321312321312123', '74@.com', '3692211111', null, '$2a$10$mu3wh42kvUcb/RYb5I/.R.rJV8KV0xCzoFBbfKVAeBc5uqTb1Nlsu', null, null, null, '0', null, null, null, null, '1', '1', '2016-11-19 13:46:42', '2019-11-26 03:53:25', '1'), ('75', 'student75', 'liuchang', '12321312321312123', '75@.com', '3911511111', null, '$2a$10$x0eMMpEvwQXMs7uS6bafFe6t88DPKQCLG7/KWF8oaafoIyBjB6NMa', null, null, null, '0', null, null, null, null, '1', '1', '2016-11-19 13:46:42', '2019-11-26 03:53:25', '1'), ('76', 'student76', 'liuhaijun', '12321312321312123', '76@.com', '3910011111', null, '$2a$10$8rSuRcoRbEboF3HMWjAjpOGxftgX0uO3qzLujVn3gbAY6MZ14W/Je', null, null, null, '0', null, null, null, null, '1', '1', '2016-11-19 13:46:42', '2019-11-26 03:53:25', '1'), ('77', 'student77', 'liusiqiang', '12321312321312123', '77@.com', '3361511111', null, '$2a$10$5c3rufRvUizo2vTRMNZpTucOT1ikBEl2mF6T173xISf3p/Njpsoyu', null, null, null, '0', null, null, null, null, '1', '1', '2016-11-19 13:46:42', '2019-11-26 03:53:25', '1'), ('78', 'student78', 'liuweina', '12321312321312123', '78@.com', '3810211111', null, '$2a$10$6ODkW0pDEmSB1xoiOrJybu7JQQ1O4mTHgzrGIRgmqagiObDhTG8ju', null, null, null, '0', null, null, null, null, '1', '1', '2016-11-19 13:46:42', '2019-11-26 03:53:25', '1'), ('79', 'student79', 'liuyang', '12321312321312123', '79@.com', '3910011111', null, '$2a$10$C8zzGVSx73udGLJD4zCBOOl3EhOUsNIX.dXjPSbmTZUTgtiKOXgha', null, null, null, '0', null, null, null, null, '1', '1', '2016-11-19 13:46:42', '2019-11-26 03:53:25', '1'), ('80', 'student80', 'liuyang', '12321312321312123', '80@.com', '8801111111', null, '$2a$10$JvzI6Mwtjipd2IKh/EpWouLqt4i60aftklPwXuUYsWwIp9q1spgne', null, null, null, '0', null, null, null, null, '1', '1', '2016-11-19 13:46:43', '2019-11-26 03:53:25', '1'), ('81', 'student81', 'liuzhibin', '12321312321312123', '81@.com', '8688711111', null, '$2a$10$qCk8dHC8dwZDp1H8bnYEJutGOBeCb2iJVa2l5kW6HknU.60F8aQXO', null, null, null, '0', null, null, null, null, '1', '1', '2016-11-19 13:46:43', '2019-11-26 03:53:25', '1'), ('82', 'student82', 'liuzihang', '12321312321312123', '82@.com', '3801311111', null, '$2a$10$Rto.oUTJpoz/LZHFUu4nYOqiwcXm/qWEQNengC90RFwzxagd2B5wm', null, null, null, '0', null, null, null, null, '1', '1', '2016-11-19 13:46:43', '2019-11-26 03:53:25', '1'), ('83', 'student83', 'ludaxin', '12321312321312123', '83@.com', '3801911111', null, '$2a$10$FwX0EYXjP5bC3GrhmpNHrehQhq6AqpzI3VJRHM0l4.Uv7UUuh793G', null, null, null, '0', null, null, null, null, '1', '1', '2016-11-19 13:46:43', '2019-11-26 03:53:25', '1'), ('84', 'student84', 'luyuanzhu', '12321312321312123', '84@.com', '3911111111', null, '$2a$10$kNvbpAnVnfbbDE0E07Vz0udZSmKHZ1i70itMTD0W6dnHo.ISjBc1y', null, null, null, '0', null, null, null, null, '1', '1', '2016-11-19 13:46:43', '2019-11-26 03:53:25', '1'), ('85', 'student85', 'lvgang', '12321312321312123', '85@.com', '8601611111', null, '$2a$10$e1vp12rlw0eLqkIF/h/83u1lZF2.bwRQ8TmymcUTggXiWjLAM58w2', null, null, null, '0', null, null, null, null, '1', '1', '2016-11-19 13:46:43', '2019-11-26 03:53:25', '1'), ('86', 'student86', 'mabizhong', '12321312321312123', '86@.com', '8611711111', null, '$2a$10$oaG5qcyl8iJoudDXOK91AuH5964Bcsq3tWY6M3AOep9YrvCZGDxoG', null, null, null, '0', null, null, null, null, '1', '1', '2016-11-19 13:46:44', '2019-11-26 03:53:25', '1'), ('87', 'student87', 'mali', '12321312321312123', '87@.com', '3326611111', null, '$2a$10$c4In2VYaVUUCSBe4azn2f.uUeGbC26lmKNnno8JhcfmU6HIdTClZC', null, null, null, '0', null, null, null, null, '1', '1', '2016-11-19 13:46:44', '2019-11-26 03:53:25', '1'), ('88', 'student88', 'mengxue', '12321312321312123', '88@.com', '5811211111', null, '$2a$10$eQGOPE1.Rq6Y8doZikg.3uzO3ULxeEEUDKmscMAblbK0k6WRJjvHe', null, null, null, '0', null, null, null, null, '1', '1', '2016-11-19 13:46:44', '2019-11-26 03:53:24', '1'), ('89', 'student89', 'mulei', '12321312321312123', '89@.com', '3601111111', null, '$2a$10$1deNe57N2nJcRK.hn4Y21.ehNPV9Bcqv.oqGutIWFnSIYe/F3odhK', null, null, null, '0', null, null, null, null, '1', '1', '2016-11-19 13:46:44', '2019-11-26 03:53:24', '1'), ('90', 'student90', 'ningyangchun', '12321312321312123', '90@.com', '3681011111', null, '$2a$10$vYF/Y5xoJl6EJY.FcCNLeuXjuHnZRdkPZXJ0WH3Tc4.OGatqLfnN.', null, null, null, '0', null, null, null, null, '1', '1', '2016-11-19 13:46:44', '2019-11-26 03:53:24', '1'), ('91', 'student91', 'panyiqiong', '12321312321312123', '91@.com', '3910511111', null, '$2a$10$XWpedd1Fq0YmG9Buegx6R.Ivqcbq.GHNiAg3TWYsbazAhRo8EolZq', null, null, null, '0', null, null, null, null, '1', '1', '2016-11-19 13:46:45', '2019-11-26 03:53:24', '1'), ('92', 'student92', 'qizhengnan', '12321312321312123', '92@.com', '8022811111', null, '$2a$10$8c1XkiIVOzo0yjQdTitLlelldjpueN5L/AYESaJiBFUnvdtQM1j02', null, null, null, '0', null, null, null, null, '1', '1', '2016-11-19 13:46:45', '2019-11-26 03:53:24', '1'), ('93', 'student93', 'qiansiwei', '12321312321312123', '93@.com', '3689211111', null, '$2a$10$KGB181nEF3/vcsfhW7HWQufBdxcamJS8gTUJH.myTd/mbuxDqe4.u', null, null, null, '0', null, null, null, null, '1', '1', '2016-11-19 13:46:45', '2019-11-26 03:53:24', '1'), ('94', 'student94', 'qiaohua', '12321312321312123', '94@.com', '3661011111', null, '$2a$10$zGuwt/fCyka3HqPF2L9y9OJGfxxKSUBFXTzb5TPlNLgo4vqVdUT7G', null, null, null, '0', null, null, null, null, '1', '1', '2016-11-19 13:46:45', '2019-11-26 03:53:24', '1'), ('95', 'student95', 'qinkai', '12321312321312123', '95@.com', '5835111111', null, '$2a$10$J3peUbB3ZQjsnvE4B.KGcuUB0sj1kFJkGRiNTOe7xwZ33jwx8Kzn.', null, null, null, '0', null, null, null, null, '1', '1', '2016-11-19 13:46:45', '2019-11-26 03:53:24', '1'), ('96', 'student96', 'qupengtao', '12321312321312123', '96@.com', '3901211111', null, '$2a$10$JTpztu/GPokQ0S1QRScQvOueb5FYwyz1lyg7ZukSyuB6q7RpW5y6e', null, null, null, '0', null, null, null, null, '1', '1', '2016-11-19 13:46:45', '2019-11-26 03:53:24', '1'), ('97', 'student97', 'raohaiqing', '12321312321312123', '97@.com', '3825511111', null, '$2a$10$GoOw8odMlMaRWendBZwZNum3LpjFZaoRn22qinFKNTY/jIgxsWoEm', null, null, null, '0', null, null, null, null, '1', '1', '2016-11-19 13:46:46', '2019-11-26 03:53:24', '1'), ('98', 'student98', 'sheqiao', '12321312321312123', '98@.com', '8611311111', null, '$2a$10$jifv2UEipWPJ7uFNof2M2e8IYD4xrkMEeuSMEQhIWpKd6IuRp74EK', null, null, null, '0', null, null, null, null, '1', '1', '2016-11-19 13:46:46', '2019-11-26 03:53:24', '1'), ('99', 'student99', 'shengxiaobo', '12321312321312123', '99@.com', '3701711111', null, '$2a$10$Vh0XjUNcEK85Hgaci1/fZ.A3vdrqwzBn9N3RFIjFPKIGn4T1vJrgG', null, null, null, '0', null, null, null, null, '1', '1', '2016-11-19 13:46:46', '2019-11-26 03:53:24', '1'), ('100', 'student100', 'shengxueling', '12321312321312123', '100@.com', '3720011111', null, '$2a$10$ekaCpclYELgXxyZHYthWaOeKtLH/b8.Z2DKCBz19xkd/OF7V0.W5a', null, null, null, '0', null, null, null, null, '1', '1', '2016-11-19 13:46:46', '2019-11-26 03:53:24', '1'), ('101', 'student101', 'shilibin', '12321312321312123', '101@.com', '3809011111', null, '$2a$10$IQBD7nsQBLMzv5LXaljtueqtB8rhB5I0cYMkwrM1z6XelihIyL3n.', null, null, null, '0', null, null, null, null, '1', '1', '2016-11-19 13:46:46', '2019-11-26 03:53:24', '1'), ('102', 'student102', 'shuqing', '12321312321312123', '102@.com', '8612711111', null, '$2a$10$PPrORPc/bv/KVoP0UMvaDeNmmFpzxS9dMx23ryfQZ/HUt8dl2n1aa', null, null, null, '0', null, null, null, null, '1', '1', '2016-11-19 13:46:46', '2019-11-26 03:53:24', '1'), ('103', 'student103', 'sunyanguo', '12321312321312123', '103@.com', '3241411111', null, '$2a$10$MN3Br2geUm.sZEAAzXIfve196gqw7Bh6ibGiwmG2my1SkmWfH2FqW', null, null, null, '0', null, null, null, null, '1', '1', '2016-11-19 13:46:47', '2019-11-26 03:53:24', '1'), ('104', 'student104', 'sunzhenghua', '12321312321312123', '104@.com', '8606311111', null, '$2a$10$Z2R7dNTVUlM61/OZQVBVVuRzURg7xJFANWpehydEEmOuJ1mYIQqI.', null, null, null, '0', null, null, null, null, '1', '1', '2016-11-19 13:46:47', '2019-11-26 03:53:24', '1'), ('105', 'student105', 'tengjunyong', '12321312321312123', '105@.com', '3520411111', null, '$2a$10$/rboP5K06q/pjTer6.XfUexALMlhkdp0C2r71shmDSkrRq/EmNPEm', null, null, null, '0', null, null, null, null, '1', '1', '2016-11-19 13:46:47', '2019-11-26 03:53:24', '1'), ('106', 'student106', 'tianweiguo', '12321312321312123', '106@.com', '3928211111', null, '$2a$10$rMuWkr/UMGZCjjFJXRL/BO4u90CxPd01EhJQ7ZorvEMElshXYfZy2', null, null, null, '0', null, null, null, null, '1', '1', '2016-11-19 13:46:47', '2019-11-26 03:53:24', '1'), ('107', 'student107', 'wangli', '12321312321312123', '107@.com', '8613811111', null, '$2a$10$FocPcCPgWccYYiKpO0Ultuo0q0GSYx2jczkKABc8biiGAHiDZ8tQO', null, null, null, '0', null, null, null, null, '1', '1', '2016-11-19 13:46:47', '2019-11-26 03:53:24', '1'), ('108', 'student108', 'wanglanying', '12321312321312123', '108@.com', '3910911111', null, '$2a$10$fbT8sAYxzR7PdFD1NKLt5.5dAkrFYA9wQN7ASaMmG2.8V/5NzKloK', null, null, null, '0', null, null, null, null, '1', '1', '2016-11-19 13:46:47', '2019-11-26 03:53:24', '1'), ('109', 'student109', 'wanghuazhou', '12321312321312123', '109@.com', '3269511111', null, '$2a$10$nXWhbnsOacvvS1R/HrJPYeCjER0NmHeIkLc3yZkiSRYaP86if2.6u', null, null, null, '0', null, null, null, null, '1', '1', '2016-11-19 13:46:47', '2019-11-26 03:53:24', '1'), ('110', 'student110', 'wangkeyue', '12321312321312123', '110@.com', '3811711111', null, '$2a$10$AzooMQ.pGLpWNf326TzTGutwevRWULGMPsprvtYv6w9YVnCxLAaYi', null, null, null, '0', null, null, null, null, '1', '1', '2016-11-19 13:46:48', '2019-11-26 03:53:24', '1'), ('111', 'student111', 'wangluying', '12321312321312123', '111@.com', '3901311111', null, '$2a$10$9HfZVuebPrw3FF5p6KG2S.ZNSPmDor4T/G98frCUWTP4eBkPttCby', null, null, null, '0', null, null, null, null, '1', '1', '2016-11-19 13:46:48', '2019-11-26 03:53:24', '1'), ('112', 'student112', 'wangmingli', '12321312321312123', '112@.com', '3910211111', null, '$2a$10$Jzo4MDMw9btqT.3L5ORTY.gH.146RaNnbclYO1T0Ehcw8dCcBsmsq', null, null, null, '0', null, null, null, null, '1', '1', '2016-11-19 13:46:48', '2019-11-26 03:53:24', '1'), ('113', 'student113', 'wangping', '12321312321312123', '113@.com', '3810011111', null, '$2a$10$8BIy.U8XLaNQ34XN/yh2F.2O6Q0xnj6SuyVv6v0MeGTWPMkUtxWai', null, null, null, '0', null, null, null, null, '1', '1', '2016-11-19 13:46:48', '2019-11-26 03:53:24', '1'), ('114', 'student114', 'wangshaohua', '12321312321312123', '114@.com', '3901111111', null, '$2a$10$abafmizvMNif6xkSaTiJp.7faFhJrqgORXSc99KAGFE5WQQL0zWoa', null, null, null, '0', null, null, null, null, '1', '1', '2016-11-19 13:46:48', '2019-11-26 03:53:24', '1'), ('115', 'student115', 'wangwenqiang', '12321312321312123', '115@.com', '3601111111', null, '$2a$10$AaZgeJ4DSvNSqdL4JikhCeST/J3AvKOviPxuih3DglLAh5CzlaTUq', null, null, null, '0', null, null, null, null, '1', '1', '2016-11-19 13:46:49', '2019-11-26 03:53:24', '1'), ('116', 'student116', 'wangxibiao', '12321312321312123', '116@.com', '3953111111', null, '$2a$10$rnLGP4ZDWoa/TiJJ4C8EZe8jRJE.5mh.CCHzcYJF9rjTXALFW6v7y', null, null, null, '0', null, null, null, null, '1', '1', '2016-11-19 13:46:49', '2019-11-26 03:53:24', '1'), ('117', 'student117', 'wangyanchun', '12321312321312123', '117@.com', '8910111111', null, '$2a$10$IkGhynuNTT5hls0BST5eaOE/Wtvz9fCZMI/uZ6HFnmcHdz.0cOety', null, null, null, '0', null, null, null, null, '1', '1', '2016-11-19 13:46:49', '2019-11-26 03:53:24', '1'), ('118', 'student118', 'wangrong', '12321312321312123', '118@.com', '8866611111', null, '$2a$10$CP00gkeNcKVUv9ZTTIc6ouYQ2Vh34mJLXxTB3Q0ujC9sjR78/gpcS', null, null, null, '0', null, null, null, null, '1', '1', '2016-11-19 13:46:49', '2019-11-26 03:53:24', '1'), ('119', 'student119', 'wangyuxin', '12321312321312123', '119@.com', '3911811111', null, '$2a$10$Lj5Sa5tdsEepgSYXKcPRzefsbE2UF6/JXk2BF81/kXskkCGPxyx3u', null, null, null, '0', null, null, null, null, '1', '1', '2016-11-19 13:46:49', '2019-11-26 03:53:24', '1'), ('120', 'student120', 'wangyuemei', '12321312321312123', '120@.com', '8601111111', null, '$2a$10$JYfcP6Bz2JUL/1a7SjNwueVcjZ77JHVP7u2Qmv516fIhQaWpE5br2', null, null, null, '0', null, null, null, null, '1', '1', '2016-11-19 13:46:49', '2019-11-26 03:53:24', '1'), ('121', 'student121', 'weisiyu', '12321312321312123', '121@.com', '3488711111', null, '$2a$10$gU8u6YcgGrcaGvKVFUQ.Au68t7SX8Lh30.1s/y5TpDG/BRlx2GbGi', null, null, null, '0', null, null, null, null, '1', '1', '2016-11-19 13:46:50', '2019-11-26 03:53:24', '1'), ('122', 'student122', 'wupengling', '12321312321312123', '122@.com', '3810511111', null, '$2a$10$btP9qoQrwkr6KWyt697PDutfS4xZPOEnXtSHxFNfbqV3OHE2gMomS', null, null, null, '0', null, null, null, null, '1', '1', '2016-11-19 13:46:50', '2019-11-26 03:53:24', '1'), ('123', 'student123', 'wuxiaowu', '12321312321312123', '123@.com', '5903111111', null, '$2a$10$Uog7FW5jWeoOgD.xcmA2Le4gKmN9nBL7DCbI1B1oJ.saiVmhIga1K', null, null, null, '0', null, null, null, null, '1', '1', '2016-11-19 13:46:50', '2019-11-26 03:53:24', '1'), ('124', 'student124', 'xieguiquan', '12321312321312123', '124@.com', '3908311111', null, '$2a$10$aUs/bMGyamtYjb.R64TWguuWqUuncACD0WEwS.NKzeyWKST2H2EUG', null, null, null, '0', null, null, null, null, '1', '1', '2016-11-19 13:46:50', '2019-11-26 03:53:24', '1'), ('125', 'student125', 'yanshuo', '12321312321312123', '125@.com', '3811411111', null, '$2a$10$Wkz2QioXZllmHKK/e/CGyub65OxMLeZsx39YQU.2rCnJaC5nNDb7K', null, null, null, '0', null, null, null, null, '1', '1', '2016-11-19 13:46:50', '2019-11-26 03:53:24', '1'), ('126', 'student126', 'yangjunzhi', '12321312321312123', '126@.com', '8801011111', null, '$2a$10$Gv47ey2ZHvK1HMy2C./wL.KjmmVwR1AiquQ0jC3yjJyO5MZmKrRE2', null, null, null, '0', null, null, null, null, '1', '1', '2016-11-19 13:46:50', '2019-11-26 03:53:24', '1'), ('127', 'student127', 'yangzhao', '12321312321312123', '127@.com', '3611011111', null, '$2a$10$kssAv35iOwdp4pECZVGG6uCgGhQi1evvFVHhd3CZU7sGs6ZkHx.kC', null, null, null, '0', null, null, null, null, '1', '1', '2016-11-19 13:46:50', '2019-11-26 03:53:24', '1'), ('128', 'student128', 'yaozhiyu', '12321312321312123', '128@.com', '3501211111', null, '$2a$10$z1xmjEPQw5uwb0QcQXJ.n.hc8uFssDqvVGHcl6J6aL8wzc2mRxbUK', null, null, null, '0', null, null, null, null, '1', '1', '2016-11-19 13:46:51', '2019-11-26 03:53:24', '1'), ('129', 'student129', 'yiming', '12321312321312123', '129@.com', '5611011111', null, '$2a$10$e1dbFInserN5KJgIiUUOK.U3pS7xW/gy7dgrjEnN.RtBsKBMEkeCi', null, null, null, '0', null, null, null, null, '1', '1', '2016-11-19 13:46:51', '2019-11-26 03:53:24', '1'), ('130', 'student130', 'yufudong', '12321312321312123', '130@.com', '8645511111', null, '$2a$10$DCSiDDQAqamCDxqVuSeAGOhB8xaC5iz1ka9M8CCNNz.CTjfqhXotW', null, null, null, '0', null, null, null, null, '1', '1', '2016-11-19 13:46:51', '2019-11-26 03:53:24', '1'), ('131', 'student131', 'yubin', '12321312321312123', '131@.com', '8684611111', null, '$2a$10$gg.6LrjD3F2cbbEAejt/Cu3wlEuUMOsTVQRyLtugtV5IA9AIcLAf.', null, null, null, '0', null, null, null, null, '1', '1', '2016-11-19 13:46:51', '2019-11-26 03:53:24', '1'), ('132', 'student132', 'zhangchunmei', '12321312321312123', '132@.com', '3521311111', null, '$2a$10$X4dZNohfDJxa4tO9sVo7BuRaBQ36CNnCjK35bBQ0VEbIpE9jVecea', null, null, null, '0', null, null, null, null, '1', '1', '2016-11-19 13:46:51', '2019-11-26 03:53:24', '1'), ('133', 'student133', 'zhanghucheng', '12321312321312123', '133@.com', '3717811111', null, '$2a$10$jK/egW8fKNqjGNHs2OkwqOJc.kklB8ejnw5GAoGEpPU/cTqD4bvNS', null, null, null, '0', null, null, null, null, '1', '1', '2016-11-19 13:46:51', '2019-11-26 03:53:24', '1'), ('134', 'student134', 'zhanghaixia', '12321312321312123', '134@.com', '5801511111', null, '$2a$10$9zxnBx5iVCO5InqfqfweqO9WLw2Qzd0sri/YGqrBtMZ3Tobv01jzu', null, null, null, '0', null, null, null, null, '1', '1', '2016-11-19 13:46:52', '2019-11-26 03:53:24', '1'), ('135', 'student135', 'zhangliaoyuan', '12321312321312123', '135@.com', '3241811111', null, '$2a$10$BY4tPvTsAjOa9TBRwyCOye03l5xZE6kCgmBNQZmCXhDpMjW7ip5jO', null, null, null, '0', null, null, null, null, '1', '1', '2016-11-19 13:46:52', '2019-11-26 03:53:24', '1'), ('136', 'student136', 'zhangqi', '12321312321312123', '136@.com', '8602511111', null, '$2a$10$xUbVFqEnNnMZ1bOMFT6UUeyEGb6ysLgsjQv3FKrz4NtfA0hNTY0FS', null, null, null, '0', null, null, null, null, '1', '1', '2016-11-19 13:46:52', '2019-11-26 03:53:24', '1'), ('137', 'student137', 'zhangxiao', '12321312321312123', '137@.com', '3701111111', null, '$2a$10$s3AtHUpaHamstCsNXkznG.8vGwE/uplUy2J0wWc6MzmGe5QOp37dS', null, null, null, '0', null, null, null, null, '1', '1', '2016-11-19 13:46:52', '2019-11-26 03:53:24', '1'), ('138', 'student138', 'zhangyingwang', '12321312321312123', '138@.com', '8650311111', null, '$2a$10$WgZZfZTF1QPPO9YCUdsb5uEBROZsSMyRNPzcduvATvf8P.5TIqMi6', null, null, null, '0', null, null, null, null, '1', '1', '2016-11-19 13:46:52', '2019-11-26 03:53:24', '1'), ('139', 'student139', 'zhangyong', '12321312321312123', '139@.com', '3718211111', null, '$2a$10$AWXYcHtNMps2n.ZXA2A6RefoS/viqeEQmXGqVW5gFzZyfuJg5R902', null, null, null, '0', null, null, null, null, '1', '1', '2016-11-19 13:46:52', '2019-11-26 03:53:24', '1'), ('140', 'student140', 'zhaohainan', '12321312321312123', '140@.com', '3601311111', null, '$2a$10$w.63juQ5cRxWB884FKv8R..VO17auaXnteTO6ebu/3UmbYVTMJij6', null, null, null, '0', null, null, null, null, '1', '1', '2016-11-19 13:46:53', '2019-11-26 03:53:24', '1'), ('141', 'student141', 'zhaolin', '12321312321312123', '141@.com', '3911511111', null, '$2a$10$P/buPSlpmFI.aMabNc90GOefpPYsAFo6QBBqIYGYSBW2xD1M7c5Hi', null, null, null, '0', null, null, null, null, '1', '1', '2016-11-19 13:46:53', '2019-11-26 03:53:24', '1'), ('142', 'student142', 'zhaosuya', '12321312321312123', '142@.com', '3811411111', null, '$2a$10$Gv0g0HgUkUNE1Y.RryC95uKSZvKt/Lx4EfTFYZ9cIyR4A7WlwwG3i', null, null, null, '0', null, null, null, null, '1', '1', '2016-11-19 13:46:53', '2019-11-26 03:53:24', '1'), ('143', 'student143', 'zhouxia', '12321312321312123', '143@.com', '8652211111', null, '$2a$10$HHME8AZLtaDgHAfnvBC5SOwpJRfVCLhzreq3xqPw46ww3Q35nBKjC', null, null, null, '0', null, null, null, null, '1', '1', '2016-11-19 13:46:53', '2019-11-26 03:53:24', '1'), ('144', 'student144', 'zhouyou', '12321312321312123', '144@.com', '3911011111', null, '$2a$10$AyBmqtEug3ZUPqAyKWkUYu0TNOAX7BqQD2vSFLB7jLjGKwZ8oZzrq', null, null, null, '0', null, null, null, null, '1', '1', '2016-11-19 13:46:53', '2019-11-26 03:53:24', '1'), ('145', 'student145', 'zhouzhou', '12321312321312123', '145@.com', '3911711111', null, '$2a$10$iWs1Q30t8bPqqQna35uAC.9zB46u93EapwmsqTa2oRE4Av9IktmUW', null, null, null, '0', null, null, null, null, '1', '1', '2016-11-19 13:46:54', '2019-11-26 03:53:24', '1'), ('146', 'student146', 'zhuwenyong', '12321312321312123', '146@.com', '3811711111', null, '$2a$10$npt6cyN0yKgj.srv/Ay9bu7/P0eRhu1S2SzIBFKIvkZQJUhIhHB6S', null, null, null, '0', null, null, null, null, '1', '1', '2016-11-19 13:46:54', '2019-11-26 03:53:24', '1'), ('147', 'student147', 'zongyujie', '12321312321312123', '147@.com', '3910511111', null, '$2a$10$kQWeMp2dxN4UckHZMztIFe3XWDPI1eisqgl7bOMiOmQDaG3nAoJsW', null, null, null, '0', null, null, null, null, '1', '1', '2016-11-19 13:46:54', '2019-11-26 03:53:24', '1'), ('148', 'student148', 'zouyourui', '12321312321312123', '148@.com', '3152511111', null, '$2a$10$0TueZ0fVpdwH4BNPi70tXOXFgaA06.jlJ8cpxQ3tDUx2imbLlj07O', null, null, null, '0', null, null, null, null, '1', '1', '2016-11-19 13:46:54', '2019-11-26 03:53:24', '1');
COMMIT;

-- ----------------------------
--  Table structure for `written_applies`
-- ----------------------------
DROP TABLE IF EXISTS `written_applies`;
CREATE TABLE `written_applies` (
  `id` int(11) NOT NULL AUTO_INCREMENT,
  `student_id` int(11) DEFAULT NULL COMMENT '学生ID',
  `apply_set_id` int(11) DEFAULT NULL COMMENT '申请ID',
  `name` varchar(255) DEFAULT NULL COMMENT '学生名字',
  `cat_no` varchar(255) DEFAULT NULL COMMENT '车号',
  `status` int(11) DEFAULT '0' COMMENT '学生申请状态',
  `created_at` datetime NOT NULL,
  `updated_at` datetime NOT NULL,
  PRIMARY KEY (`id`)
) ENGINE=InnoDB AUTO_INCREMENT=5 DEFAULT CHARSET=utf8;

-- ----------------------------
--  Records of `written_applies`
-- ----------------------------
BEGIN;
INSERT INTO `written_applies` VALUES ('1', '1', '1', null, '京N55E33', '0', '2016-10-29 09:26:47', '2016-10-29 09:26:47'), ('2', '22', '2', null, '', '0', '2016-10-29 09:46:21', '2016-10-29 09:46:21'), ('3', '21', '2', null, '京N34E33', '0', '2016-10-29 09:47:03', '2016-10-29 09:47:03'), ('4', '19', '1', null, '', '0', '2016-10-30 12:46:18', '2016-10-30 12:46:18');
COMMIT;

-- ----------------------------
--  Table structure for `written_scores`
-- ----------------------------
DROP TABLE IF EXISTS `written_scores`;
CREATE TABLE `written_scores` (
  `id` int(11) NOT NULL AUTO_INCREMENT,
  `student_id` int(11) DEFAULT NULL COMMENT '学生ID',
  `student_class_id` int(11) DEFAULT NULL COMMENT '学生班级ID',
  `score` float DEFAULT NULL COMMENT '学生笔试成绩',
  `score_order` int(11) DEFAULT NULL COMMENT '学生笔试成绩排名',
  `score_comment` varchar(255) DEFAULT NULL COMMENT '学生笔试相关说明',
  `interview_at` datetime DEFAULT NULL COMMENT '学生笔试时间',
  `show_at` datetime DEFAULT NULL COMMENT '学生笔试成绩公布时间',
  `status` int(11) DEFAULT NULL COMMENT '学生笔试状态',
  `created_at` datetime NOT NULL,
  `updated_at` datetime NOT NULL,
  PRIMARY KEY (`id`)
) ENGINE=InnoDB DEFAULT CHARSET=utf8;

SET FOREIGN_KEY_CHECKS = 1;
